Recency,Frequency,Monetary,Cluster
200,4,100.5,1
533,2,75.11,0
545,1,6.79,0
545,1,13.97,0
545,1,23.94,0
10,16,1107.04,1
510,2,23.54,0
115,3,59.669999999999995,1
139,5,124.92999999999999,1
545,1,30.32,0
231,7,199.17,1
545,1,13.97,0
34,8,173.18,1
545,1,43.7,0
545,1,15.76,0
545,1,12.49,0
175,13,339.79,1
511,2,23.96,0
56,6,170.12,1
544,1,17.96,0
442,3,79.58,0
544,1,8.77,0
544,1,14.7,0
544,1,14.96,0
191,2,102.72999999999999,1
533,3,231.13,0
544,1,15.9,0
338,2,106.6,0
544,1,46.37,0
503,2,69.23,0
544,1,44.77,0
544,1,10.77,0
544,1,25.99,0
544,1,14.99,0
16,3,102.4,1
544,1,14.96,0
544,1,34.97,0
529,2,60.97,0
264,2,32.349999999999994,0
544,1,14.99,0
543,1,11.77,0
543,1,11.97,0
543,1,45.67,0
543,1,49.67,0
372,2,23.93,0
30,24,657.87,1
543,1,14.37,0
543,1,12.49,0
532,2,32.269999999999996,0
543,1,27.92,0
80,3,169.89,1
543,1,24.99,0
81,2,47.379999999999995,1
543,1,28.74,0
543,1,52.99,0
311,3,70.42,0
71,3,53.43,1
542,1,14.96,0
103,4,101.18,1
542,1,121.34,0
190,10,394.8,1
542,1,186.67,0
92,3,99.44,1
542,1,13.97,0
542,1,35.31,0
542,1,21.98,0
230,4,466.46,1
542,1,24.94,0
542,1,16.99,0
73,5,270.85,1
542,1,145.47,0
542,1,12.77,0
205,3,136.59,1
542,1,14.99,0
506,2,74.23,0
542,1,117.1,0
542,1,18.36,0
541,1,14.96,0
423,4,74.62,0
541,1,96.36,0
541,1,33.96,0
489,2,108.93,0
541,1,21.76,0
541,1,14.96,0
541,1,14.99,0
13,12,301.3,1
541,1,0.0,0
116,18,190.81,1
541,1,71.63,0
541,1,37.97,0
308,2,94.92999999999999,0
73,8,415.29,1
541,1,34.9,0
541,1,43.09,0
541,1,31.51,0
541,1,56.51,0
541,1,36.36,0
153,5,132.57,1
56,8,202.04999999999998,1
374,2,43.209999999999994,0
27,10,219.25,1
540,1,19.99,0
540,1,34.74,0
540,1,22.7,0
371,2,172.01,0
497,2,104.6,0
540,1,125.82,0
540,1,32.98,0
538,2,66.22,0
234,2,71.97,0
26,3,35.52,1
540,1,156.0,0
540,1,11.77,0
371,2,39.36,0
540,1,29.33,0
35,4,110.01,1
540,1,8.77,0
540,1,11.77,0
540,1,9.98,0
540,1,19.77,0
519,2,29.73,0
540,1,163.52,0
540,1,24.99,0
540,1,14.96,0
137,3,55.190000000000005,1
539,1,34.98,0
539,1,28.37,0
539,1,10.77,0
486,5,61.269999999999996,0
357,4,70.84,0
232,2,116.81,1
371,2,99.64999999999999,0
21,8,97.97,1
36,2,24.759999999999998,1
139,4,132.6,1
487,3,91.92999999999999,0
539,1,12.97,0
56,7,362.85,1
524,2,41.099999999999994,0
429,2,35.31,0
539,1,79.99,0
146,8,274.83,1
339,3,57.05,0
21,13,446.88,1
289,3,52.91,0
539,1,70.42,0
201,7,148.41,1
109,21,536.04,1
63,7,154.1,1
218,7,196.07,1
292,5,111.53999999999999,1
539,1,30.97,0
539,1,11.77,0
519,2,32.06,0
539,1,0.0,0
494,2,46.09,0
19,47,1123.69,1
538,1,14.37,0
365,4,170.12,0
538,1,31.54,0
21,2,78.42,1
524,2,72.42,0
538,1,73.3,0
85,17,911.51,1
538,2,53.72,0
152,2,101.03999999999999,1
48,30,958.5500000000001,1
538,1,14.37,0
538,1,25.77,0
80,4,61.96,1
538,1,64.99,0
538,1,51.37,0
538,1,93.57,0
538,1,18.36,0
538,1,6.79,0
537,1,166.3,0
537,1,12.49,0
54,15,489.18,1
83,17,820.39,1
537,1,17.96,0
537,1,15.76,0
537,1,12.97,0
53,5,84.07000000000001,1
537,1,8.77,0
18,7,195.17000000000002,1
537,1,14.96,0
130,4,50.2,1
189,5,159.42,1
495,4,137.25,0
537,1,28.99,0
537,1,27.94,0
537,1,30.54,0
537,1,52.63,0
537,1,16.99,0
348,7,186.91,1
537,1,36.75,0
526,2,56.489999999999995,0
240,2,76.17,0
537,1,27.77,0
171,4,142.18,1
536,1,21.54,0
487,3,50.24,0
319,3,60.43,0
536,1,28.35,0
536,1,10.77,0
410,2,71.83,0
536,1,12.99,0
534,2,117.22999999999999,0
536,1,14.37,0
536,1,59.97,0
3,14,810.83,1
536,1,31.98,0
16,2,95.41,1
536,1,14.96,0
204,4,73.4,1
94,2,39.94,1
73,6,188.98,1
129,2,133.63,1
431,2,56.74,0
343,2,43.73,0
535,1,21.77,0
535,1,11.77,0
535,1,69.29,0
535,1,11.77,0
535,1,24.54,0
455,3,52.459999999999994,0
535,1,0.0,0
521,2,36.94,0
522,2,32.51,0
33,4,93.78,1
49,3,152.81,1
8,8,244.89,1
535,1,29.92,0
535,1,35.31,0
535,1,11.77,0
535,1,5.78,0
535,1,15.96,0
535,1,16.7,0
535,1,14.37,0
535,1,58.85,0
139,6,115.64,1
101,6,138.72,1
100,6,511.12,1
498,7,990.28,1
534,1,10.77,0
534,1,78.2,0
366,3,101.8,0
534,1,19.99,0
521,2,57.05,0
265,4,113.63,1
534,1,14.96,0
534,1,27.13,0
85,3,43.32,1
534,1,4.99,0
230,4,305.46000000000004,1
534,1,11.77,0
157,7,208.64,1
534,1,59.54,0
534,1,16.7,0
493,2,85.24000000000001,0
334,3,118.36,0
534,1,26.14,0
125,3,186.64999999999998,1
534,1,47.48,0
534,1,166.75,0
533,2,23.54,0
100,5,82.18,1
494,2,135.71,0
533,1,26.73,0
519,2,179.55,0
533,1,43.53,0
252,3,81.3,1
533,1,14.37,0
363,4,77.39,0
221,5,116.22,1
167,17,257.75,1
533,1,31.97,0
533,1,15.36,0
533,1,14.79,0
533,1,18.36,0
533,1,14.37,0
397,4,321.96,0
303,4,76.62,0
512,2,70.05000000000001,0
533,1,40.11,0
533,1,0.0,0
95,10,415.81,1
533,1,30.72,0
97,15,377.3,1
533,1,26.94,0
285,3,199.35,1
530,2,36.11,0
533,1,29.73,0
121,5,180.8,1
533,1,20.99,0
533,1,12.77,0
199,4,471.44,1
128,5,196.53,1
532,1,19.28,0
532,1,126.9,0
532,1,38.13,0
291,4,130.22,1
278,2,37.47,0
17,3,108.96000000000001,1
532,1,23.99,0
101,3,40.23,1
532,1,13.97,0
532,1,15.36,0
532,1,11.77,0
502,6,280.18,0
532,1,14.37,0
50,6,266.64,1
532,1,51.15,0
113,5,551.0,1
532,1,14.7,0
532,1,28.74,0
266,3,72.32,0
532,1,52.27,0
204,4,116.89,1
0,2,27.240000000000002,1
52,4,144.84,1
531,1,57.51,0
469,2,95.31,0
9,12,366.55,1
64,35,1022.77,1
531,1,23.99,0
531,1,19.97,0
531,1,12.7,0
531,1,39.96,0
261,7,441.36,1
531,1,14.7,0
432,3,85.98,0
531,1,14.96,0
531,1,15.36,0
531,1,26.14,0
197,9,409.5,1
531,1,11.99,0
46,5,59.730000000000004,1
103,3,32.96,1
531,1,30.13,0
531,1,19.99,0
531,1,27.99,0
531,1,29.98,0
221,4,93.59,1
530,1,21.98,0
530,1,39.3,0
530,1,15.36,0
372,2,11.58,0
530,1,17.9,0
372,3,286.39000000000004,0
463,2,42.099999999999994,0
530,1,7.98,0
530,1,11.56,0
530,1,41.9,0
530,1,44.12,0
530,1,9.99,0
512,2,289.65999999999997,0
364,3,96.42,0
530,1,15.36,0
530,1,17.36,0
530,1,19.99,0
530,1,7.78,0
456,3,44.53,0
272,6,253.7,1
530,1,15.96,0
529,1,11.77,0
54,4,356.79999999999995,1
132,6,161.21,1
529,1,18.77,0
113,3,60.589999999999996,1
98,2,30.26,1
529,1,14.37,0
529,1,11.77,0
529,1,14.37,0
529,1,12.97,0
95,5,94.57,1
456,2,41.52,0
375,2,25.49,0
529,1,15.36,0
529,1,20.0,0
529,1,14.99,0
5,22,624.24,1
529,1,13.97,0
529,1,43.69,0
157,9,221.92,1
529,1,14.37,0
529,1,30.73,0
421,2,121.56,0
194,4,90.02,1
528,1,14.37,0
528,1,42.73,0
528,1,15.36,0
528,1,15.36,0
347,2,205.0,0
497,3,73.45,0
197,2,72.28,1
379,4,68.87,0
472,2,64.97,0
528,1,19.54,0
528,1,23.54,0
375,3,43.06,0
528,1,20.75,0
69,13,578.02,1
138,3,55.33,1
528,1,11.77,0
417,3,101.17,0
19,3,67.65,1
528,1,44.29,0
528,1,55.04,0
42,5,130.54,1
528,1,56.66,0
179,5,431.74,1
528,1,73.13,0
228,2,54.7,0
202,8,186.46,1
527,1,35.31,0
527,1,10.77,0
527,1,26.74,0
120,2,41.26,1
210,2,70.34,1
527,1,16.9,0
206,4,173.53,1
389,3,109.14,0
55,6,146.23,1
527,1,12.49,0
527,1,36.73,0
496,2,50.7,0
23,7,265.03,1
527,1,15.36,0
527,1,15.36,0
253,2,81.19,0
527,1,11.77,0
527,1,49.87,0
62,3,121.99,1
527,1,9.77,0
527,1,39.98,0
527,1,58.89,0
527,1,31.52,0
400,2,50.13,0
344,3,279.16999999999996,0
18,11,278.3,1
527,1,13.97,0
527,1,65.97,0
137,4,102.87,1
526,1,18.56,0
26,8,173.96,1
526,1,14.99,0
511,2,63.33,0
526,1,14.96,0
471,2,99.02,0
262,3,286.57,1
407,2,37.51,0
449,3,134.76,0
336,2,45.089999999999996,0
526,1,29.92,0
103,14,704.29,1
420,5,96.07,0
526,1,23.73,0
526,1,76.23,0
526,1,43.89,0
26,12,246.69,1
526,1,59.25,0
466,2,87.4,0
182,4,153.56,1
526,1,23.96,0
30,4,157.26,1
305,2,67.81,0
260,2,61.879999999999995,0
224,7,137.8,1
42,2,106.32,1
206,3,81.12,1
526,1,40.73,0
526,1,9.98,0
72,4,115.56,1
526,1,30.86,0
526,1,34.31,0
121,7,206.10999999999999,1
248,3,40.97,0
525,1,10.97,0
120,5,254.73,1
90,3,245.15,1
525,1,14.96,0
465,2,23.96,0
525,1,13.97,0
293,14,581.89,1
525,1,13.97,0
462,6,204.26,0
525,1,21.99,0
525,1,9.98,0
249,2,140.41,1
99,8,199.39,1
101,2,33.35,1
206,5,134.91,1
525,1,12.49,0
189,3,31.950000000000003,1
510,2,46.08,0
525,1,41.98,0
525,1,60.64,0
3,11,446.06,1
486,4,138.48,0
525,1,74.97,0
525,1,14.96,0
525,1,39.98,0
524,1,37.98,0
86,4,221.05,1
524,1,65.34,0
197,5,341.3,1
524,1,18.75,0
150,24,1943.58,1
524,1,13.97,0
487,2,59.7,0
524,1,49.97,0
469,2,49.62,0
524,1,35.76,0
524,1,11.77,0
12,3,58.66,1
180,7,231.28,1
524,1,14.77,0
124,3,81.59,1
524,1,34.98,0
21,16,318.38,1
524,1,28.13,0
446,3,47.72,0
524,1,30.36,0
524,1,43.7,0
246,7,350.34000000000003,1
524,1,12.49,0
58,3,57.55,1
4,12,348.19,1
523,1,11.77,0
523,1,25.74,0
113,3,68.35,1
523,1,41.5,0
491,2,68.42,0
149,5,542.0999999999999,1
523,1,11.77,0
523,1,9.77,0
523,1,141.85,0
522,2,30.73,0
523,1,202.58,0
58,10,325.53,1
523,1,35.91,0
366,3,396.6,1
523,1,14.37,0
523,1,29.16,0
523,1,23.14,0
523,1,13.97,0
369,2,141.9,0
1,20,792.52,1
523,1,15.76,0
476,2,97.92999999999999,0
499,4,158.19,0
27,5,224.86999999999998,1
523,1,21.54,0
296,3,95.72999999999999,0
523,1,12.97,0
523,1,25.14,0
355,13,329.86,1
522,1,23.54,0
469,2,69.62,0
150,6,284.73,1
281,3,63.95,0
522,1,42.31,0
522,3,43.7,0
522,1,80.59,0
522,1,78.7,0
122,8,181.48,1
130,3,122.96000000000001,1
522,1,26.07,0
113,5,66.17,1
522,1,15.96,0
135,7,392.5,1
92,4,138.38,1
335,2,54.25,0
484,2,100.94,0
522,1,43.09,0
471,2,113.52000000000001,0
522,1,38.99,0
522,1,197.79,0
522,1,11.77,0
522,2,48.98,0
522,1,13.97,0
522,1,26.14,0
218,3,84.42999999999999,1
370,4,107.99,0
521,1,25.74,0
521,1,86.02,0
521,1,13.97,0
521,1,38.5,0
521,1,12.77,0
521,1,34.54,0
318,2,37.06,0
98,9,349.27,1
521,1,11.77,0
521,1,19.77,0
100,7,340.81,1
521,1,14.79,0
111,4,68.95,1
222,5,48.510000000000005,1
247,2,172.98,1
371,5,155.82,0
147,2,249.04,1
521,1,71.62,0
311,4,80.08,0
521,1,77.24,0
302,2,43.11,0
521,1,14.96,0
426,3,64.43,0
367,3,124.12,0
521,1,34.75,0
448,2,175.38000000000002,0
374,2,66.84,0
125,5,56.21,1
520,1,38.71,0
520,1,30.32,0
520,1,24.99,0
520,1,39.48,0
493,3,62.440000000000005,0
520,1,59.26,0
520,1,14.96,0
465,2,39.94,0
520,1,15.76,0
353,2,41.74,0
520,1,73.95,0
442,4,153.9,0
520,1,14.37,0
520,1,24.98,0
520,1,9.77,0
520,1,15.36,0
93,4,119.03,1
520,1,13.97,0
520,1,14.37,0
501,2,87.97,0
520,1,14.99,0
520,1,53.29,0
520,1,15.36,0
519,1,14.96,0
519,1,9.98,0
519,1,73.97,0
519,1,15.36,0
7,10,434.86,1
519,1,6.79,0
320,5,90.38,0
154,2,176.95,1
50,3,64.33999999999999,1
519,1,11.77,0
519,1,24.74,0
189,5,74.66,1
75,6,119.27,1
101,3,73.18,1
217,3,117.93,1
519,1,9.77,0
519,1,28.74,0
519,1,14.37,0
301,6,158.71,1
478,2,43.29,0
96,2,138.5,1
519,1,37.03,0
469,2,55.2,0
461,3,118.99,0
283,2,44.31,0
519,1,24.74,0
519,1,23.98,0
519,1,23.54,0
52,2,17.259999999999998,1
372,2,97.24000000000001,0
518,1,5.78,0
283,9,267.79,1
487,2,97.61,0
518,1,28.99,0
66,10,332.38,1
461,2,49.47,0
30,7,388.53999999999996,1
518,1,32.29,0
203,7,400.16,1
357,7,545.47,1
518,1,58.31,0
375,2,21.75,0
518,1,5.99,0
404,3,88.63,0
57,13,260.83,1
518,1,28.74,0
322,2,23.259999999999998,0
518,1,31.54,0
518,1,24.99,0
518,1,14.96,0
518,1,27.94,0
518,1,19.99,0
518,1,11.77,0
109,3,86.42,1
476,2,36.93,0
518,1,32.6,0
100,22,827.28,1
518,1,16.36,0
518,1,36.48,0
493,2,47.98,0
336,4,75.21000000000001,0
517,1,3.99,0
33,8,144.69,1
170,2,75.94999999999999,1
230,5,82.44,1
357,2,233.06,0
517,1,13.99,0
517,1,33.13,0
439,2,24.75,0
517,1,21.99,0
489,2,49.519999999999996,0
513,2,44.37,0
517,1,12.49,0
517,1,25.76,0
517,1,19.99,0
73,6,129.51,1
2,12,220.45,1
505,2,44.73,0
449,3,180.8,0
6,3,134.72,1
117,3,48.44,1
74,4,88.73,1
517,1,67.47,0
213,9,126.95,1
517,1,15.36,0
517,1,6.79,0
517,1,57.09,0
517,1,26.14,0
517,1,27.13,0
375,4,174.66000000000003,0
517,1,30.13,0
398,6,326.78,1
517,1,24.94,0
442,3,40.53,0
104,4,99.72,1
245,5,177.4,1
516,1,15.36,0
516,1,14.96,0
516,1,20.54,0
251,2,234.12,1
516,1,6.79,0
516,1,44.98,0
123,3,65.5,1
516,1,11.77,0
56,3,68.56,1
516,1,5.98,0
124,4,55.93,1
516,1,40.73,0
178,5,71.61,1
516,1,19.98,0
53,5,650.49,1
516,1,11.77,0
516,1,39.98,0
466,2,19.28,0
238,13,895.4200000000001,1
516,1,15.36,0
516,1,54.98,0
516,1,16.0,0
516,1,19.99,0
155,5,70.25,1
396,4,98.55,0
516,1,21.97,0
516,1,23.54,0
451,3,202.31,0
205,8,736.77,1
132,7,145.12,1
0,3,389.44,1
515,1,88.7,0
515,1,45.28,0
515,1,8.97,0
4,3,31.560000000000002,1
515,1,76.8,0
515,1,14.97,0
489,2,58.66,0
515,1,26.73,0
515,1,16.96,0
515,1,11.77,0
515,1,104.29,0
221,3,53.61,1
513,2,38.95,0
450,4,49.06,0
454,2,74.42,0
515,1,9.98,0
515,1,14.96,0
515,1,11.77,0
514,1,21.75,0
83,14,575.43,1
335,3,117.96,0
514,1,8.97,0
514,1,4.79,0
514,1,66.26,0
514,1,31.35,0
514,1,14.37,0
514,1,117.74,0
45,3,44.47,1
67,4,135.35999999999999,1
499,2,98.97,0
298,7,90.63,1
514,1,38.99,0
473,2,112.66999999999999,0
514,1,19.77,0
107,4,368.81,1
43,2,49.5,1
514,1,11.77,0
56,13,1525.54,1
514,1,14.37,0
514,1,16.76,0
514,1,15.96,0
164,4,108.57,1
514,1,23.54,0
514,1,27.85,0
514,1,32.97,0
514,1,26.67,0
2,9,306.61,1
513,1,179.21,0
218,3,44.559999999999995,1
10,33,1112.6,1
474,12,248.63,1
513,1,29.67,0
513,1,14.37,0
289,4,142.93,1
513,1,68.51,0
358,2,27.13,0
513,1,12.97,0
480,2,119.09,0
375,2,26.73,0
507,3,161.0,0
513,1,22.0,0
513,1,45.53,0
513,1,58.53,0
455,2,33.96,0
513,1,12.49,0
513,1,33.7,0
365,2,55.27,0
346,2,35.72,0
513,1,17.96,0
513,1,18.54,0
101,2,32.47,1
513,1,129.98,0
296,3,40.2,0
509,2,25.94,0
513,1,61.45,0
228,2,42.62,0
23,6,197.37,1
42,36,1025.01,1
365,3,268.84000000000003,0
143,4,152.57,1
512,1,12.99,0
365,3,287.9,0
414,4,173.20999999999998,0
512,1,23.36,0
512,1,261.79,0
512,1,11.77,0
466,2,69.91,0
512,1,119.57,0
512,1,43.3,0
512,1,26.14,0
70,4,175.3,1
512,1,54.77,0
81,7,293.0,1
512,1,13.7,0
502,2,102.83,0
512,1,10.78,0
512,1,29.58,0
172,5,138.2,1
512,1,57.54,0
512,1,11.77,0
512,1,10.77,0
408,2,68.63,0
512,1,28.99,0
43,22,564.37,1
512,1,50.0,0
512,1,15.36,0
118,3,37.85,1
512,1,15.36,0
512,1,29.73,0
511,2,25.53,0
512,1,14.96,0
512,1,9.77,0
318,2,102.85,0
395,2,55.09,0
511,1,47.3,0
511,1,32.32,0
54,7,120.74,1
511,1,29.92,0
14,3,68.72999999999999,1
404,2,44.88,0
511,1,27.76,0
511,1,23.54,0
116,8,444.46,1
208,2,46.26,1
511,1,42.98,0
415,2,66.59,0
511,1,6.79,0
511,1,19.99,0
511,1,15.36,0
344,2,94.0,0
511,1,11.58,0
511,1,19.99,0
511,1,30.33,0
408,6,55.269999999999996,0
439,3,42.900000000000006,0
5,4,52.300000000000004,1
61,5,166.32,1
511,1,52.77,0
26,3,147.85,1
85,2,36.86,1
495,2,66.84,0
511,1,15.76,0
264,2,89.44,0
511,1,14.77,0
205,10,221.28,1
75,6,133.51,1
233,3,581.91,1
511,1,11.77,0
511,1,4.79,0
510,1,13.77,0
81,2,47.519999999999996,1
510,1,37.56,0
400,2,129.31,0
510,1,13.77,0
510,1,12.77,0
510,1,8.77,0
510,1,13.97,0
69,7,366.91,1
510,1,65.64,0
510,1,14.37,0
25,4,70.52,1
510,1,29.92,0
510,1,37.47,0
25,4,85.28,1
118,3,45.599999999999994,1
510,1,13.97,0
327,5,139.13,0
510,1,14.37,0
38,5,102.95,1
349,2,49.709999999999994,0
510,1,29.92,0
492,2,32.86,0
510,1,39.14,0
484,2,27.759999999999998,0
278,3,59.7,0
509,1,58.47,0
205,3,79.95,1
509,1,51.38,0
509,1,182.02,0
509,1,26.95,0
176,4,198.0,1
509,1,15.9,0
123,6,154.66,1
509,1,18.36,0
466,2,45.63,0
54,13,228.4,1
501,2,45.68,0
509,1,52.48,0
493,2,266.85,0
509,1,11.77,0
509,1,30.93,0
341,5,521.72,1
14,2,29.85,1
462,2,25.28,0
509,1,19.99,0
509,1,77.21,0
509,1,40.97,0
509,1,13.97,0
203,3,86.41,1
509,1,18.99,0
26,12,332.53,1
162,3,78.98,1
153,2,53.83,1
99,11,378.46,1
2,4,120.93,1
59,9,339.76,1
509,1,9.77,0
409,3,50.47,0
509,1,96.29,0
387,2,67.5,0
509,1,31.52,0
296,8,319.75,1
509,1,14.96,0
163,4,167.47,1
509,1,15.36,0
105,5,75.74,1
509,1,113.94,0
396,3,107.1,0
266,4,97.82,1
176,2,29.46,1
508,1,13.97,0
36,8,276.95,1
508,1,28.93,0
508,1,28.34,0
368,2,58.86,0
508,1,39.98,0
20,7,503.41999999999996,1
508,1,13.97,0
508,1,49.68,0
508,1,30.31,0
125,4,207.88,1
508,1,29.73,0
508,1,45.68,0
508,1,11.77,0
508,1,28.76,0
496,2,21.56,0
52,8,156.96,1
508,1,38.77,0
508,1,11.77,0
321,2,127.65,0
508,1,27.94,0
481,2,43.29,0
508,1,14.37,0
507,1,119.55,0
199,6,224.68,1
507,1,11.77,0
359,6,768.83,1
107,7,278.3,1
208,2,42.98,1
105,2,28.39,1
507,1,32.99,0
325,4,145.7,0
507,1,28.74,0
6,27,408.86,1
39,5,239.60999999999999,1
507,1,9.97,0
507,1,17.7,0
357,3,100.34,0
507,1,19.97,0
507,1,11.77,0
507,1,28.67,0
74,4,136.2,1
507,1,15.96,0
507,1,17.99,0
251,2,35.44,0
507,1,43.99,0
507,1,11.77,0
507,1,153.16,0
507,1,12.97,0
12,4,90.94999999999999,1
507,1,14.37,0
507,1,17.9,0
507,1,20.99,0
158,8,226.6,1
344,2,69.27,0
445,2,51.29,0
506,1,11.77,0
206,2,169.13,1
380,4,57.269999999999996,0
506,1,12.49,0
273,2,32.26,0
506,1,9.99,0
502,2,176.01,0
506,1,50.88,0
506,1,44.7,0
506,1,9.97,0
506,1,15.36,0
228,7,189.13,1
19,5,256.21000000000004,1
506,1,61.47,0
124,4,63.81999999999999,1
506,1,28.99,0
3,11,468.12,1
506,1,42.9,0
167,6,327.32,1
505,3,162.65,0
506,1,57.59,0
506,1,9.77,0
414,4,97.39,0
506,1,13.97,0
506,1,86.6,0
506,1,27.94,0
506,1,20.99,0
505,1,90.56,0
505,1,14.37,0
505,1,39.75,0
505,1,57.9,0
477,3,49.73,0
505,1,21.76,0
505,1,27.73,0
505,1,15.36,0
88,4,60.96,1
370,4,75.22,0
505,1,15.36,0
505,1,22.74,0
505,1,40.7,0
505,1,0.0,0
44,17,1625.04,1
505,1,13.97,0
505,1,13.97,0
489,3,108.44,0
505,1,27.3,0
372,2,36.97,0
505,1,26.98,0
109,17,940.48,1
505,1,11.77,0
505,1,12.97,0
372,2,23.950000000000003,0
505,1,12.49,0
421,4,92.67,0
505,1,12.49,0
309,3,82.78,0
505,1,37.71,0
491,2,44.9,0
505,1,15.54,0
330,5,77.47,0
204,4,70.8,1
462,3,51.04,0
117,3,43.34,1
504,1,6.79,0
51,4,766.5699999999999,1
504,1,50.5,0
504,1,33.31,0
504,1,38.33,0
444,2,133.89,0
96,5,82.44,1
504,1,12.97,0
504,1,26.53,0
59,4,53.290000000000006,1
498,2,113.36,0
29,11,263.49,1
504,1,15.96,0
504,1,16.7,0
19,9,364.25,1
504,1,33.94,0
504,1,15.96,0
495,2,105.94999999999999,0
504,1,13.97,0
84,7,290.61,1
504,1,25.74,0
487,2,25.740000000000002,0
436,4,208.78,0
149,16,686.13,1
93,4,188.93,1
504,1,23.09,0
32,13,450.18,1
504,1,15.96,0
504,1,44.98,0
504,1,25.74,0
503,1,53.98,0
35,19,422.4,1
503,1,11.78,0
13,19,893.29,1
197,6,353.03,1
503,1,14.96,0
371,2,58.91,0
233,2,87.44,1
498,2,42.3,0
503,1,11.99,0
503,1,39.7,0
503,1,75.97,0
503,1,11.77,0
443,4,73.75,0
503,1,19.54,0
503,1,16.36,0
503,1,9.77,0
503,1,29.99,0
503,1,42.77,0
418,2,195.25,0
503,1,24.98,0
499,2,45.29,0
503,1,9.77,0
503,1,9.97,0
503,1,14.37,0
502,1,15.96,0
502,1,50.76,0
158,11,412.46999999999997,1
502,1,19.99,0
502,1,32.72,0
502,1,49.99,0
16,6,182.6,1
502,1,77.42,0
6,17,521.25,1
94,2,33.95,1
173,3,33.230000000000004,1
502,1,15.96,0
483,2,106.49000000000001,0
502,1,12.97,0
460,4,56.38,0
502,1,28.74,0
502,1,12.49,0
502,1,59.28,0
502,1,10.97,0
502,1,5.78,0
440,2,60.2,0
502,1,13.97,0
17,3,80.42,1
16,14,499.06,1
502,2,22.759999999999998,0
16,7,243.95999999999998,1
140,8,192.78,1
290,2,65.7,0
501,1,14.37,0
45,9,250.31,1
197,3,76.21,1
26,5,146.29,1
495,2,84.61,0
501,1,21.95,0
501,1,15.36,0
493,3,137.02,0
21,4,60.01,1
501,1,0.0,0
501,1,15.96,0
501,1,41.54,0
497,2,49.48,0
266,10,254.86,1
501,1,25.94,0
20,17,608.82,1
501,1,14.99,0
4,47,1537.78,1
501,1,14.96,0
501,1,34.97,0
501,1,26.57,0
499,2,104.34,0
500,1,44.77,0
500,1,67.51,0
500,1,25.74,0
243,2,76.7,0
117,3,159.28,1
500,1,35.31,0
500,1,49.99,0
128,2,40.33,1
500,1,101.11,0
457,2,42.95,0
500,1,14.37,0
500,1,14.37,0
33,3,155.81,1
259,2,32.48,0
500,1,29.73,0
500,1,3.99,0
500,1,12.97,0
500,1,37.51,0
11,4,143.4,1
32,7,218.81,1
500,1,11.77,0
500,1,15.76,0
62,10,192.25,1
499,1,52.87,0
129,7,112.74000000000001,1
499,1,86.52,0
83,14,719.92,1
499,1,14.37,0
493,2,46.08,0
499,1,24.9,0
39,5,225.19,1
407,3,145.26,0
499,1,12.77,0
114,2,61.47,1
14,22,422.23,1
499,1,32.37,0
490,2,79.65,0
70,15,392.61,1
499,1,51.67,0
474,2,28.13,0
38,2,162.25,1
444,2,60.05,0
499,1,28.76,0
499,1,11.77,0
234,6,262.33,1
499,1,36.31,0
499,1,17.97,0
20,5,165.73,1
499,2,21.759999999999998,0
499,1,10.77,0
399,4,267.09000000000003,0
20,8,597.13,1
499,1,11.77,0
360,2,28.56,0
324,7,490.1,1
499,1,15.36,0
82,6,94.17,1
270,3,128.16,1
497,2,37.51,0
498,1,33.4,0
478,2,32.72,0
493,2,28.93,0
498,1,40.09,0
108,8,150.3,1
136,5,188.46,1
498,1,26.56,0
498,1,13.97,0
498,1,89.74,0
481,3,124.54,0
447,2,37.98,0
387,2,58.2,0
260,2,30.46,0
498,1,14.79,0
498,1,11.77,0
498,1,15.96,0
488,4,108.84,0
440,3,43.29,0
498,1,44.69,0
364,4,69.91,0
498,1,31.72,0
30,2,66.69,1
454,2,86.34,0
7,18,975.16,1
498,1,14.79,0
11,24,643.01,1
498,1,0.0,0
457,2,33.44,0
136,3,149.53,1
10,8,366.6,1
196,3,61.01,1
122,7,201.93,1
498,1,145.74,0
277,5,148.12,1
497,1,17.3,0
497,1,493.91,0
497,1,23.94,0
497,1,140.93,0
346,3,121.44,0
497,1,16.76,0
289,2,64.91,0
497,1,106.18,0
371,2,31.32,0
441,3,390.35,0
497,1,126.37,0
497,1,50.97,0
51,3,41.480000000000004,1
497,1,20.55,0
497,1,41.9,0
26,5,179.51,1
433,2,89.17,0
497,1,36.73,0
497,1,32.72,0
453,4,85.78999999999999,0
497,1,29.98,0
497,1,13.97,0
497,1,29.27,0
497,1,86.11,0
497,1,29.98,0
497,1,35.77,0
7,3,61.51,1
13,6,127.4,1
60,8,258.88,1
155,5,168.5,1
497,1,24.99,0
497,1,11.77,0
497,1,5.78,0
465,2,30.6,0
496,1,50.94,0
496,2,41.23,0
496,1,15.36,0
229,6,142.19,1
496,1,29.58,0
485,2,55.879999999999995,0
473,4,75.84,0
496,1,11.77,0
496,1,19.99,0
160,3,151.15,1
496,1,26.14,0
496,1,12.79,0
496,1,13.97,0
144,8,212.17999999999998,1
21,4,223.31,1
496,1,20.97,0
489,2,43.85,0
14,6,182.47,1
418,3,83.34,0
271,2,53.94,0
20,6,130.19,1
94,3,253.34999999999997,1
229,2,26.85,0
496,1,26.0,0
37,8,244.48,1
496,1,14.79,0
282,2,24.759999999999998,0
496,1,37.97,0
361,2,26.14,0
496,1,14.37,0
171,16,1040.48,1
495,1,28.93,0
495,1,13.97,0
145,6,268.03999999999996,1
495,1,15.96,0
331,3,47.88,0
495,1,16.7,0
18,13,432.01,1
495,1,15.36,0
495,1,27.71,0
458,2,56.28,0
495,1,13.97,0
495,1,27.99,0
334,2,20.68,0
495,1,33.8,0
495,1,81.96,0
76,4,93.81,1
232,2,28.48,0
495,1,10.99,0
495,1,58.28,0
495,1,11.77,0
495,1,15.76,0
3,9,425.46,1
31,5,142.78,1
495,1,16.99,0
494,1,72.5,0
487,2,43.3,0
334,6,137.53,1
494,1,24.37,0
494,1,12.49,0
494,1,35.31,0
441,2,161.54000000000002,0
494,1,28.34,0
26,4,118.00999999999999,1
494,1,11.77,0
438,2,43.3,0
494,1,15.96,0
448,2,45.68,0
494,1,14.99,0
494,1,12.49,0
494,1,14.79,0
494,1,35.99,0
488,2,43.34,0
200,7,99.16,1
494,1,14.99,0
494,1,11.77,0
396,3,45.71,0
494,1,9.98,0
114,21,426.39,1
143,9,757.7900000000001,1
493,1,12.77,0
493,1,29.98,0
493,1,12.49,0
22,5,213.23,1
493,1,14.37,0
493,1,17.76,0
207,6,102.75,1
493,1,41.1,0
101,2,33.43,1
50,4,122.47999999999999,1
493,2,23.54,0
362,4,117.22,0
493,1,100.59,0
449,3,52.739999999999995,0
493,1,22.7,0
493,1,18.54,0
115,4,142.52,1
218,3,41.71,1
147,9,241.29,1
142,3,49.72,1
366,7,272.12,1
19,3,116.92,1
214,4,116.72,1
441,3,68.13,0
60,3,121.4,1
493,1,38.34,0
8,5,150.55,1
27,3,150.07999999999998,1
493,1,33.14,0
343,3,102.35000000000001,0
268,4,78.22999999999999,1
493,1,42.9,0
114,5,378.11,1
492,1,42.13,0
345,3,79.82,0
492,1,21.54,0
492,1,10.77,0
215,5,117.86,1
82,2,60.91,1
492,1,25.34,0
492,1,11.77,0
492,1,17.76,0
492,1,11.77,0
492,1,506.97,0
79,3,25.06,1
203,8,214.12,1
492,1,19.99,0
111,6,191.63,1
492,1,6.79,0
93,4,104.45,1
492,1,29.73,0
492,1,10.78,0
57,9,1165.73,1
492,1,11.77,0
67,4,311.44,1
4,2,60.900000000000006,1
124,4,217.49,1
491,1,32.33,0
97,11,345.1,1
491,1,15.36,0
475,2,51.900000000000006,0
74,4,242.3,1
491,1,42.49,0
88,8,667.62,1
357,3,44.03,0
491,1,29.92,0
491,1,51.43,0
27,4,85.98,1
491,1,38.99,0
491,1,12.97,0
491,1,30.72,0
491,1,43.35,0
491,1,13.97,0
491,1,27.94,0
308,2,67.24,0
456,3,83.44,0
491,1,15.36,0
51,3,48.24,1
491,1,19.77,0
491,1,61.25,0
336,4,140.29,0
19,3,57.94,1
337,5,113.72999999999999,0
491,1,32.32,0
477,2,34.94,0
491,1,19.99,0
491,1,12.79,0
2,10,669.56,1
469,2,84.58000000000001,0
491,1,56.29,0
92,5,363.57,1
491,1,5.78,0
463,3,43.7,0
417,2,54.67,0
490,1,13.97,0
91,2,94.7,1
490,2,37.260000000000005,0
32,8,647.75,1
490,1,12.77,0
32,2,79.45,1
490,1,14.96,0
20,46,1480.11,1
276,2,41.62,0
266,9,384.43,1
490,1,11.58,0
490,1,14.37,0
432,2,41.57,0
490,1,59.69,0
490,1,14.96,0
490,1,36.37,0
115,5,112.69,1
490,1,11.77,0
251,2,27.36,0
490,1,11.77,0
479,4,182.41,0
490,1,14.37,0
490,1,27.13,0
368,2,38.71,0
3,7,197.07,1
490,1,11.99,0
285,3,42.24,0
490,1,9.77,0
490,1,30.99,0
490,1,37.47,0
11,25,517.33,1
489,1,64.74,0
157,3,38.05,1
489,1,65.04,0
453,3,132.76,0
38,7,195.60999999999999,1
489,1,17.0,0
470,2,26.73,0
284,7,508.42,1
489,2,36.769999999999996,0
231,2,49.74,0
488,2,54.47,0
44,7,114.16,1
83,3,46.32,1
489,1,14.96,0
113,2,22.259999999999998,1
221,2,33.45,0
489,1,9.98,0
85,5,134.65,1
473,2,23.740000000000002,0
489,1,17.36,0
7,14,1548.28,1
489,1,15.36,0
489,1,5.96,0
489,1,21.97,0
489,1,14.96,0
489,1,5.78,0
489,1,13.97,0
245,5,98.91,1
489,1,55.97,0
451,2,83.84,0
489,1,11.77,0
489,1,15.36,0
132,7,164.29,1
162,3,72.22,1
481,2,28.74,0
413,2,35.510000000000005,0
467,2,41.98,0
334,2,46.88,0
488,1,17.88,0
461,2,116.78,0
75,15,646.1800000000001,1
488,1,13.97,0
488,1,17.9,0
207,5,128.41,1
212,2,102.94,1
488,1,26.74,0
488,1,29.13,0
488,1,46.68,0
435,2,65.25,0
488,1,13.97,0
488,1,13.97,0
488,1,15.96,0
488,1,10.78,0
474,2,19.94,0
488,1,40.11,0
460,3,74.21000000000001,0
205,2,65.73,1
50,7,428.09,1
313,2,251.18,0
488,1,12.49,0
488,1,31.05,0
76,2,36.64,1
488,1,20.54,0
488,1,13.97,0
488,1,24.13,0
338,3,245.06,0
488,1,10.77,0
9,3,57.400000000000006,1
87,5,81.8,1
384,2,25.54,0
487,1,28.52,0
364,4,84.89999999999999,0
445,3,43.3,0
487,1,50.68,0
293,4,439.21,1
61,10,425.56,1
487,1,100.34,0
142,3,62.83,1
487,1,80.31,0
487,1,19.96,0
475,2,22.54,0
21,4,90.29,1
487,1,37.51,0
49,7,195.69,1
487,1,49.7,0
487,1,35.78,0
188,3,94.6,1
487,1,52.27,0
29,16,548.03,1
290,2,74.81,0
237,4,126.85,1
447,2,18.48,0
487,1,11.77,0
19,15,363.49,1
487,1,23.74,0
487,1,55.65,0
487,1,7.98,0
487,1,13.97,0
487,1,10.77,0
247,6,202.07,1
96,11,388.5,1
486,1,18.36,0
486,1,37.31,0
486,1,83.2,0
365,2,46.629999999999995,0
55,2,32.79,1
463,2,75.25,0
132,2,68.5,1
150,5,149.15,1
486,1,33.27,0
486,1,25.54,0
486,1,12.49,0
315,3,33.9,0
225,7,150.79,1
486,1,20.97,0
486,1,15.76,0
486,1,97.21,0
486,1,15.36,0
349,3,121.79,0
486,1,21.99,0
486,1,35.34,0
486,1,22.74,0
99,6,205.82,1
486,1,12.49,0
50,4,94.24000000000001,1
217,3,69.67999999999999,1
485,1,46.28,0
485,1,63.69,0
11,8,198.18,1
106,6,194.57,1
138,2,361.15,1
56,10,506.48,1
193,2,28.36,1
28,3,121.53999999999999,1
485,1,14.99,0
313,2,43.11,0
485,1,60.94,0
485,1,14.37,0
485,1,82.61,0
16,13,1107.82,1
427,2,35.31,0
194,5,62.160000000000004,1
485,1,22.96,0
30,5,124.0,1
472,2,92.96,0
485,1,30.32,0
40,6,255.9,1
485,1,14.99,0
485,1,53.32,0
485,1,14.79,0
331,2,55.68,0
179,2,123.73,1
198,4,139.84,1
485,1,40.53,0
485,1,32.48,0
217,2,34.45,1
54,9,1335.5500000000002,1
24,7,126.38,1
484,1,29.92,0
484,1,22.3,0
274,6,130.49,1
484,1,14.37,0
470,3,66.0,0
484,1,11.77,0
484,1,12.49,0
484,1,30.78,0
484,1,14.37,0
484,1,14.37,0
475,2,11.56,0
371,2,27.73,0
484,1,12.77,0
484,1,77.24,0
5,24,795.03,1
422,3,97.23,0
484,1,12.49,0
440,2,120.56,0
145,3,213.61,1
484,1,46.04,0
484,1,10.97,0
484,1,17.9,0
331,2,82.21000000000001,0
54,4,130.8,1
38,9,180.84,1
484,1,15.36,0
484,1,6.79,0
484,1,9.77,0
483,1,14.99,0
87,2,42.44,1
234,4,120.66,1
483,1,58.65,0
483,1,15.96,0
483,1,13.97,0
483,1,23.48,0
51,6,316.44,1
483,1,48.37,0
483,1,14.96,0
483,1,29.27,0
130,4,94.79,1
483,1,26.14,0
483,1,13.97,0
483,1,16.36,0
483,1,15.96,0
21,7,155.83,1
483,1,26.73,0
196,8,148.63,1
483,1,52.28,0
12,7,222.07999999999998,1
46,7,190.73999999999998,1
483,1,29.97,0
371,4,44.26,0
105,6,271.14,1
483,1,13.77,0
483,1,4.79,0
483,1,19.97,0
483,1,11.77,0
483,1,19.99,0
44,7,210.43,1
483,1,14.9,0
482,1,25.54,0
482,1,15.56,0
112,13,327.84000000000003,1
438,4,344.06,0
31,5,143.08,1
100,4,73.8,1
482,1,30.15,0
482,1,11.97,0
26,6,195.79000000000002,1
364,3,55.879999999999995,0
99,10,267.46999999999997,1
116,2,30.479999999999997,1
29,10,176.1,1
264,3,40.72,0
26,17,317.15,1
482,1,35.35,0
22,4,66.88,1
375,3,69.48,0
482,1,37.97,0
57,7,563.24,1
482,1,14.49,0
482,1,17.74,0
482,1,14.37,0
28,4,109.53999999999999,1
482,1,38.9,0
384,2,119.91,0
482,1,11.77,0
482,1,12.77,0
20,10,102.44,1
482,1,41.7,0
482,1,11.77,0
84,9,369.58,1
297,7,192.57,1
482,1,16.73,0
117,3,88.83,1
482,1,43.11,0
100,8,285.45,1
442,4,111.44999999999999,0
482,1,18.76,0
482,1,25.74,0
175,7,548.65,1
481,1,10.77,0
93,3,280.70000000000005,1
481,1,29.98,0
481,1,18.76,0
481,1,18.36,0
481,1,55.89,0
481,1,57.27,0
481,1,10.77,0
481,1,40.74,0
83,16,557.37,1
481,1,11.77,0
481,1,84.79,0
481,1,15.36,0
32,4,204.75,1
481,1,4.79,0
481,1,14.37,0
178,2,51.72,1
481,1,52.71,0
224,3,44.83,1
223,2,97.07000000000001,1
481,1,26.73,0
71,19,1203.22,1
243,6,193.22,1
288,3,137.01,0
481,1,21.74,0
73,2,96.94999999999999,1
76,5,130.03,1
247,6,284.64,1
334,2,39.71,0
480,1,13.97,0
473,2,78.8,0
480,1,93.76,0
334,2,25.740000000000002,0
480,1,40.53,0
480,1,22.99,0
105,5,132.99,1
480,1,16.99,0
475,2,31.509999999999998,0
480,1,11.77,0
480,1,29.13,0
258,2,117.17,0
468,2,38.77,0
480,1,13.97,0
380,2,58.24,0
13,9,331.17,1
480,1,14.37,0
141,3,41.5,1
480,1,27.13,0
480,1,15.96,0
480,1,5.78,0
193,4,105.33,1
480,1,19.99,0
412,2,28.950000000000003,0
480,1,62.11,0
466,2,32.69,0
480,1,10.77,0
469,2,58.85,0
199,3,37.230000000000004,1
130,2,36.61,1
89,3,49.47,1
479,1,15.36,0
39,17,675.4399999999999,1
479,1,38.06,0
479,2,90.98,0
279,2,22.979999999999997,0
479,1,35.31,0
311,2,33.76,0
479,1,14.37,0
479,1,20.35,0
479,1,89.49,0
200,2,72.86,1
479,1,10.77,0
123,2,27.98,1
462,2,70.67999999999999,0
412,2,15.68,0
191,2,44.410000000000004,1
199,2,100.71,1
79,3,98.75,1
479,1,14.96,0
231,4,52.0,1
479,1,14.99,0
479,2,70.82,0
479,1,43.69,0
399,2,24.98,0
121,2,18.67,1
36,4,180.94,1
478,1,42.34,0
20,4,66.71000000000001,1
25,34,796.75,1
224,2,123.19,1
18,13,456.81,1
478,1,56.96,0
334,3,74.21000000000001,0
478,1,17.99,0
478,1,12.49,0
234,5,110.03999999999999,1
478,1,25.96,0
113,2,56.519999999999996,1
240,2,62.44,0
478,1,14.99,0
5,9,411.55,1
478,1,22.77,0
445,56,6552.7,1
37,5,315.64,1
478,1,22.55,0
478,1,28.97,0
478,1,13.97,0
15,5,127.27000000000001,1
478,1,10.99,0
478,1,17.99,0
365,4,72.4,0
229,4,106.86999999999999,1
463,2,38.07,0
478,1,71.02,0
478,1,21.99,0
475,3,242.94,0
233,4,279.67,1
454,2,54.7,0
477,1,10.77,0
477,1,15.36,0
301,2,42.28,0
229,4,579.3,1
112,4,88.36999999999999,1
441,2,59.620000000000005,0
477,1,9.77,0
477,1,12.77,0
16,9,171.27,1
477,1,38.5,0
477,1,7.98,0
177,2,118.43,1
226,5,63.71,1
477,1,19.77,0
477,1,15.99,0
318,2,86.44999999999999,0
477,1,13.77,0
343,2,30.13,0
399,2,43.08,0
477,1,11.77,0
477,1,29.58,0
477,1,38.29,0
283,3,144.54000000000002,0
210,3,56.75,1
133,3,97.47999999999999,1
477,1,31.0,0
336,3,90.03,0
477,1,33.76,0
8,8,356.61,1
448,4,122.09,0
476,1,9.58,0
476,1,27.97,0
476,1,49.37,0
370,2,37.91,0
33,2,45.730000000000004,1
476,1,75.09,0
224,9,320.82,1
476,1,34.14,0
313,12,346.83,1
476,1,25.73,0
476,1,50.47,0
449,2,26.73,0
465,2,27.94,0
476,1,29.75,0
231,3,122.67,1
230,4,130.02,1
8,5,165.35,1
237,4,139.07999999999998,1
476,1,14.96,0
83,5,173.92,1
476,1,14.96,0
476,1,21.76,0
476,1,43.89,0
476,2,24.14,0
476,1,29.33,0
476,1,8.77,0
476,1,6.77,0
476,1,70.87,0
413,2,45.54,0
475,1,14.37,0
475,1,14.37,0
475,1,5.98,0
475,1,32.97,0
463,2,89.98,0
13,42,1747.58,1
102,6,97.03,1
392,3,92.7,0
253,3,56.83,0
454,3,89.2,0
475,1,15.36,0
237,4,68.14999999999999,1
475,1,5.78,0
475,1,14.37,0
17,3,48.349999999999994,1
475,1,11.77,0
358,2,27.94,0
186,2,62.209999999999994,1
475,1,11.77,0
475,1,11.77,0
475,1,20.3,0
211,2,21.259999999999998,1
475,1,14.37,0
475,1,13.99,0
475,1,13.97,0
474,1,25.74,0
474,1,50.73,0
134,2,155.4,1
474,1,100.52,0
62,6,447.09000000000003,1
474,1,22.77,0
167,3,54.23,1
85,2,61.86,1
474,1,11.78,0
368,2,34.36,0
474,1,9.99,0
16,7,133.13,1
474,1,20.99,0
474,1,93.4,0
474,1,11.77,0
474,1,20.99,0
110,4,82.52000000000001,1
474,1,18.36,0
474,1,33.51,0
474,1,6.79,0
95,2,88.14,1
47,6,114.64,1
474,1,12.49,0
304,8,130.57999999999998,1
474,1,15.36,0
474,1,28.34,0
100,3,37.94,1
474,1,17.96,0
473,1,15.36,0
367,4,112.35,0
3,7,220.09,1
473,1,12.49,0
296,3,78.56,0
11,10,246.49,1
96,3,43.449999999999996,1
457,2,29.13,0
473,1,17.54,0
473,1,79.2,0
473,1,9.97,0
473,1,22.48,0
406,3,34.91,0
91,3,175.95000000000002,1
473,1,10.97,0
72,15,676.11,1
22,10,359.11,1
473,1,349.9,0
109,3,25.950000000000003,1
369,2,51.71,0
368,4,154.64999999999998,0
473,1,11.77,0
473,1,74.25,0
396,2,37.230000000000004,0
473,1,12.49,0
473,1,42.71,0
230,3,185.45,1
473,1,33.31,0
414,2,31.32,0
295,2,133.14000000000001,0
473,1,9.77,0
473,1,17.7,0
472,1,14.37,0
472,1,38.95,0
472,1,45.88,0
472,1,13.97,0
472,1,38.13,0
68,2,106.42,1
472,1,21.74,0
94,5,155.64,1
142,5,136.45,1
472,1,19.95,0
13,4,89.56,1
472,1,48.16,0
133,4,127.97999999999999,1
198,4,79.17,1
421,4,58.28,0
204,7,191.18,1
156,2,22.65,1
472,1,41.48,0
188,4,95.83000000000001,1
112,4,105.75,1
462,2,29.33,0
472,1,14.37,0
115,6,277.24,1
472,1,11.97,0
466,2,69.93,0
471,1,0.0,0
166,2,160.24,1
471,1,11.77,0
216,3,37.75,1
462,2,44.489999999999995,0
471,1,25.94,0
182,4,107.28999999999999,1
471,1,9.98,0
115,4,119.1,1
471,1,12.49,0
230,6,303.3,1
471,1,9.98,0
393,5,341.22,1
108,2,245.12,1
217,3,89.1,1
418,2,70.27,0
471,1,51.68,0
29,4,99.97,1
339,2,94.78999999999999,0
471,1,22.95,0
126,7,104.72999999999999,1
471,1,28.93,0
471,1,32.52,0
471,1,11.77,0
178,4,167.1,1
460,2,59.59,0
264,2,37.76,0
471,1,21.77,0
471,1,9.99,0
471,1,14.96,0
471,1,26.14,0
58,5,124.5,1
135,3,90.41,1
441,2,191.85000000000002,0
267,2,94.44,0
126,5,185.23000000000002,1
470,1,19.56,0
383,7,241.65,1
470,1,42.01,0
470,1,26.14,0
470,1,27.47,0
470,1,11.77,0
6,6,266.28,1
470,1,57.05,0
470,1,11.77,0
470,1,62.85,0
165,5,112.2,1
403,6,222.25,0
470,1,71.83,0
445,2,71.27,0
470,1,14.37,0
470,1,15.36,0
272,3,46.16,0
470,1,18.95,0
420,2,46.98,0
470,1,14.37,0
470,1,26.77,0
62,5,179.42000000000002,1
470,1,23.94,0
432,2,37.33,0
255,4,114.85,1
470,1,11.77,0
469,1,18.77,0
35,49,1437.25,1
469,1,23.34,0
469,1,16.77,0
106,5,365.58,1
469,1,77.82,0
115,7,140.54,1
128,5,118.96000000000001,1
469,1,22.73,0
469,1,21.99,0
469,1,14.37,0
469,1,156.49,0
469,1,51.92,0
410,3,93.03999999999999,0
469,1,32.29,0
276,9,484.58,1
469,1,37.84,0
43,2,32.23,1
340,7,114.71,1
251,2,27.36,0
170,5,76.11,1
469,1,21.97,0
459,2,29.33,0
469,1,16.75,0
209,5,165.5,1
469,1,10.77,0
113,2,55.290000000000006,1
5,3,77.58,1
469,1,49.99,0
188,5,61.46,1
469,1,15.36,0
235,6,461.91,1
231,2,97.23,1
468,1,38.51,0
468,1,16.36,0
54,5,195.77,1
331,2,70.46000000000001,0
468,1,74.07,0
238,2,71.07,0
468,1,9.98,0
468,1,9.99,0
467,2,29.58,0
468,1,8.77,0
288,3,216.29,1
265,2,27.97,0
468,1,18.99,0
468,1,11.97,0
468,1,13.97,0
302,3,30.82,0
468,1,15.76,0
468,1,5.78,0
25,3,64.12,1
468,1,30.15,0
303,2,94.92,0
152,4,346.17,1
468,1,12.49,0
73,2,31.29,1
456,2,199.91000000000003,0
468,1,15.36,0
141,4,94.74000000000001,1
215,2,34.519999999999996,1
467,1,24.34,0
251,5,99.77,1
467,1,15.36,0
467,1,14.37,0
114,2,36.96,1
316,2,21.32,0
467,1,27.94,0
467,1,37.98,0
467,1,12.97,0
369,2,26.73,0
467,1,12.49,0
20,24,416.63,1
105,8,1018.92,1
109,3,114.68,1
467,1,4.79,0
467,1,69.97,0
467,1,21.54,0
467,1,11.97,0
212,2,32.84,1
61,12,394.29,1
466,1,14.79,0
466,1,12.76,0
281,3,119.78,0
466,1,13.97,0
275,2,66.73,0
19,4,127.34,1
412,2,83.28,0
466,1,68.24,0
152,2,60.61,1
466,1,14.96,0
7,9,372.35,1
112,8,231.79,1
466,1,30.72,0
466,1,51.1,0
466,1,13.97,0
466,1,11.77,0
466,1,19.99,0
466,1,47.28,0
465,1,112.2,0
139,2,78.77,1
465,1,33.37,0
397,2,76.5,0
465,1,15.76,0
406,5,86.4,0
144,3,176.06,1
76,3,123.59,1
465,1,13.97,0
465,1,15.76,0
465,1,44.13,0
465,5,72.45,0
465,1,43.11,0
189,3,155.27,1
9,16,924.53,1
465,1,36.76,0
195,5,158.19,1
276,5,177.10999999999999,1
17,5,88.4,1
465,1,11.77,0
121,2,124.21000000000001,1
465,1,19.99,0
465,1,12.9,0
351,2,39.95,0
464,1,34.77,0
464,1,21.76,0
464,1,11.77,0
430,2,87.17999999999999,0
464,1,29.73,0
83,10,494.61,1
464,1,44.73,0
309,2,74.02,0
464,1,28.47,0
13,10,284.69,1
464,1,11.77,0
459,2,43.51,0
464,1,7.78,0
464,1,14.37,0
371,7,287.64,1
464,1,19.77,0
210,2,63.89,1
464,1,41.31,0
464,1,14.99,0
353,2,56.459999999999994,0
464,1,13.97,0
464,1,11.77,0
16,5,130.86,1
132,12,359.6,1
155,3,42.730000000000004,1
378,2,70.45,0
463,1,35.95,0
463,1,29.99,0
463,1,39.37,0
463,1,15.99,0
108,4,142.91000000000003,1
463,1,14.96,0
19,10,371.28999999999996,1
463,1,13.38,0
213,5,82.35,1
196,4,146.39000000000001,1
160,3,38.61,1
452,2,82.89,0
89,3,116.84,1
463,1,27.28,0
463,1,38.33,0
2,7,132.66,1
337,6,117.78,1
463,1,59.25,0
408,2,85.18,0
28,2,30.950000000000003,1
463,1,37.5,0
7,5,108.13,1
463,1,12.77,0
463,1,41.91,0
159,2,59.48,1
463,1,33.14,0
463,1,13.99,0
463,1,23.99,0
445,2,44.69,0
463,1,18.74,0
463,1,63.84,0
312,2,54.95,0
462,1,11.77,0
43,8,149.88,1
462,1,27.94,0
371,6,907.97,1
113,3,194.26,1
462,1,163.38,0
444,2,76.59,0
185,5,88.44,1
462,1,27.94,0
462,1,12.49,0
380,2,40.989999999999995,0
112,7,271.49,1
462,1,15.36,0
189,4,145.64,1
64,3,138.32,1
37,7,107.38,1
462,1,11.77,0
45,3,78.73,1
38,7,301.29,1
146,10,156.5,1
397,2,28.34,0
197,5,166.29,1
462,1,14.37,0
128,2,28.46,1
92,3,69.47,1
292,6,264.63,1
149,2,36.370000000000005,1
23,7,203.0,1
462,1,25.74,0
